xp2VGAjHZWY;The business of filming your daily life (ur mom ashley interview)
3QZkjsMfj3I;How Dream Hacked YouTube (and broke the internet)
NphQGsm4rvk;How Hasan Minhaj escaped the YouTube Algorithm
cbBxEmGOfk4;We Toured Rhett and Link's Wildly Efficient Studio
lBCOOTyU46M;1 Million Subscribers
OE4ti4alRN8;Why Jarvis Johnson Analyzes The Internet
w4iUuroktxw;How Rhett & Link Failed their way to YouTube's most successful show
yNLqaQ6slkw;How Cody Ko & Noel Miller Turned a Joke into a Multi-Million Dollar Business
N5YW4JB07-8;The Nearly Impossible Job of Managing MrBeast
gGBCbswZbnI;YouTubers ask us tough questions
0bC1ah_x8zo;TommyInnit on his Biggest Failures, YouTube Secrets, and friendship with Dream
hYaGD0V2OkE;How KSI became an unlikely superstar
wkDlfvTed1c;How Ryan Trahan changed YouTube with $0.01
7qoe2qhcZ-Y;Why Michelle Khare is the Most Badass Human on YouTube
88067BiKU4Y;How YouTube's Worst Inventor Built a Successful Product Design Company
jzMsnNxzejI;How ZHC Gained 13 Million Subscribers In A Year
iq71Cb2jEIE;Why he's the only honest man left in News.
pvtMJFPyiLM;The Most Popular Kids in New York
3vbZvRHpM8w;A Very Honest Conversation with Yes Theory
7hrSj5qkHv4;YouTuber Merch: Winners and Losers pt. 4
VbNIh88Nq5k;The Untold Story of Binging with Babish
XuVR_elE1Pw;Why Emma Chamberlain Quit YouTube, Again.
r8bzWKBvZsE;Van Neistat's Wildly Hand-Made Studio
9CxaZWkwHzE;Can true art survive on YouTube?
x5lBJE2Ok8E;Why Drake wants to be on Chicken Shop Date (not Hot Ones)
z_czmz_bJqk;How Ludwig Became The Biggest Twitch Streamer‚Ä¶Then Left For Youtube
irIN7SHvLDc;What you missed in Kanye's "Jeen-Yuhs"
t69cK3Ih_Og;Why Wordle Won't Go Away
BB2HTaXTy0k;How Andrew Schulz took over YouTube
HmrjOq8epsg;How TikTok took down the Super Bowl
MLyEDp7e0Q8;Why Ryan's World is the Richest kid on YouTube
9cn_r1z6zjo;Why Liza Koshy Disappeared
o8UBXsiiS24;How MrBeast could make even MORE money
SpdWaOngRWM;Logan Paul and KSI: an unlikely love story
jz_qFyTrS8w;Inside MKBHD's $1,000,000 Studio
Dh909TbYn7Y;Why MKBHD will be the oldest YouTuber ever
G5c6qof96DM;The Story of Jeff Wittek
UZSwDZ72Lp8;Why Lilly Singh Left YouTube (and then came back)
dbOXYhjpXAc;How MrBeast ‚ÄúStole‚Äù Squid Game
YVuIm8OLz-8;YouTuber Merch: Winners and Losers pt. 3
r-Y1LRtsFaU;The Metaverse has problems
_TAxmgPQtzc;Dude Perfect's YouTube Struggle
vwtRRdmZSYw;Billion Dollar CEO talks about his biggest mistake
xIC1nS4DU6M;The Story of Karl
PiGCHXt5eBs;Life after burnout
6OICqRSTRjY;How Squid Game Revived Netflix and Took over the World.
71Xz6bYoRGc;The Silent Genius of Khaby Lame
7PIlp-FSN5I;The Dark Side of the D'Amelios
c8VcUnz3nVc;The Full Story of MrBeast
TW7cH2wLv00;How MrBeast spends $48,000,000 a year on videos
BVEzAyZXctY;Dear Emma Chamberlain, You've Changed.
dwFBlFS4dus;How Jake Paul broke the boxing industry
p0Y82yGFqAw;The Wildly Lucrative World of Ice Cream TikTok
nxyThD3-GTw;Why everyone leaves the Hype House
wUOdBXYIMM8;He sold his company to Amazon for $970,000,000 ft @Justin Kan‚Äã
pkiW9ygtddA;How Tai Verdes Made It
O0C417mFrRQ;The Full Story of Victoria Paris
ZlR0Rsu_VeU;Alex Cooper's $60,000,000 Deal with Spotify
TAFYbWgX8K0;How college athletes went from $0 to $1 million overnight
rcHNOkA9NNk;The High Price of Airrack's Success
lQyAdgLwbLk;How Much Money Airrack Makes (1.6M Subscribers)
HGhT5GMhf8A;The Disney-fication of the Nelk Boys
WVI2GUdJp2Y;Why Indians Are Taking Over YouTube
9w0kTRvOQWA;Who Really Won Logan Paul vs Floyd Mayweather?
j7eETkQcHLA;Roblox, Explained (for Beginners)
5EfQqwDmOnI;Bo Burnham's Complicated Relationship with Himself
7eWpg3WyelA;Why Ryan Trahan is the Next MrBeast
lBGq8vWx7B0;Is Addison Rae Making Real Music?
lGmrpX7KkcU;Jeff Wittek's $2.4 Million Dollar Mistake
pVhrApLIraI;Influencers are over. ft @Shelby Church
f5WZgw0WGto;Every Way We Make Money
Fz27v1gnCFM;How Dixie D'Amelio Murdered Late Night
BSXMM9Y1blk;How We Sold an NFT for $___
TBx1uYdq5nk;How Much YouTube Paid Us Since The Beginning (14M Views)
Xy0cKyWL2J8;Why Emma Chamberlain is the New Casey Neistat
6R4zxswb8gQ;Why Nas Daily Left A $120,000 Job at Venmo to Make Videos (ft @Nas Daily)
knl2UOFr8bk;The Problem with Buying Stock in Logan Paul (BitClout)
jaKINKK09FY;How MrBeast Spends More Money Than He Makes
mwhbGLiDC3Q;How Lil Nas X sold his soul to break the internet
N3BA2RBRBT4;Meet the girls saving social media
wZrGJM7dGvY;David Dobrik: A Lesson for Creators
Sxh6Kai4tyI;Charli D‚ÄôAmelio is selling out (of cold brew)
Ptk6P7Lc6rs;How this NFT sold for $69 Million (Beeple)
pWH1TF1ZfKA;The Full Story of MKBHD
Qg9hKz-AjIA;How Logan Paul Made Millions Selling Air (NFT's)
9HsnKZnREgM;YouTuber Merch: Winners and Losers pt. 2
g--OcS0WyHQ;How Much Money YouTube Paid Us in 2020
C6pngdRHaiI;Surprising Our First Subscribers with Gifts
ZQrqhfe8kGE;The Story of Coolman Coffeedan
9ZaetFop0AA;Creator of the Year Goes to...
g5Ojh12HIrw;How it started, How it's going
GPX4PiwQz0U;How to make better YouTube Thumbnails
tSU8GEt2Ylg;Making Merch that actually sells ft Amanda Rach Lee
Nfqo3cGmrJ4;When To Quit Your Job ft Jake Roper (Vsauce3)
fyt-E1A-jwc;YouTuber Merch: Winners and Losers pt. 1
1WQbMVhIMEY;We quit YouTube.
5Xh8fAflpQY;How Watching YouTube Changes You.
q-7x6jaTA-0;Our $20,000 YouTube Studio Transformation
ePAu90YVYMY;$200,000 Education VS $200 Education
y1QSLcAwiK0;The best (and worst) election ads of 2020
hPM7DDuzjZY;How Airrack Grew 0 to 1 Million Subscribers and Risked Everything
q3oKPfPtT2Q;The Future of Phones
QzNOBP7IiDY;We Stayed in a $7 Million Dollar Vacation Home
jNGUBzKadtw;We bought Cardi B's OnlyFans so you don't have to
IMqiE_b5uPo;Why David Dobrik Gives Away Teslas
9JrPkteJVS4;The TikTok Ban, Explained
lAMFzDc2zLE;How Much Money YouTube Pays Us (125k Subscribers)
oopD9FX7a_c;Why MrBeast will be YouTube's first Billionaire
r-LAw78weAQ;How much money can you make on TikTok?
lh17G4AClKk;TikTok's Takeover, Explained.
6zoPS4SFhIc;The Disappearance of David Dobrik
_MWqGYX78WE;Why Video Games are the Future of Concerts
Bbt3HCz1b24;24 Hrs in Quarantine
Exm5p-vCjMs;$560,000 Dollar Air Jordans, Explained
viFznUG5_bU;John Krasinski's Some Good News, Honest Thoughts
uFDjvPZPig4;A Tiger King Analysis Video
XF2LLhd5jxg;Is this The End of Late Night?
G7Yu6_3epOk;How Minimalism Became Mainstream
WbZLhLCU5Ec;Our Perspective on The New Normal
fVtQKC2NK84;Why "Dude with Sign" is the Best Account on Instagram.
PDZ6sYal5A0;Our Secret Project with Samsung
wLMNMGgJ_a0;Why Hot Ones is the Best Show on the Internet
b7tBOJ7Hyl4;Why David Dobrik Loves Science So Much
WFe68voApTI;Why Emma Chamberlain Drinks So Much Coffee
6ZygdEyYpiE;Logan Paul KSI 2, Explained.
i4rwlQ7IA1U;The Curious Case of Lil Miquela
VaEXDJL8dfE;Why does Cam Newton have a YouTube Channel?
vXgBYT9T7iM;Why Indians are taking over Hollywood
i05bI03nzv4;Apple's Complex Relationship with Memes
fjZSLHvkg14;Why David Dobrik Laughs So Much
TnyUCA-4BuQ;Finding the Solution to Traffic
c5mAdStj52c;Why MrBeast is the next PewDiePie
upYpZgh0tIU;Why YouTubers are charging for content now.
0T_HyckDSfA;Why YouTube won't talk about this Indian rapper.
UkY8BIVEbx8;The Power of Lil Nas X and Logan Paul
7y1zfAPz2Rk;F*ck it, let's just get jobs.
xSTGLbguHYY;Hey, we're back üëãüèºüëãüèæ
sNGOgBcCcA4;How to Fix INSTAGRAM
re_osGoZf9w;NOT a Samsung Galaxy Fold Review
j0JP6sL6sqA;Why NBC Chose a YouTuber for Late Night
Bsm9a10hVbo;Chasing my childhood dream of becoming a Rockstar
enbVsRjRBSY;Yes Theory gave us ONE WEEK to make a MOVIE
m9YlMWwlgHQ;My Lowest Moment as an Entrepreneur
Yk4KG9Vc2Hs;The Story of Colin and Samir
zp9OCb3-mdQ;Surprising Yes Theory with a Gift
Q1qmiTya2rc;Why we left BuzzFeed
cX-Y-xtmVTI;Hey it's been a while üëãüèºüëãüèæ
l_Naty_LoK4;Stop Hating on Tik Tok Cringe
2RoG7Mhu5UI;Trying the Best Burgers in Los Angeles
1YTwwAj0Pcw;Why Politicians don't use YouTube
CI4weml_WWY;WTF is a VPN?
SsQfHVetJdA;Shane Dawson changed everything.
OxsqnYbisB0;What is Will Smith doing to YouTube?
EM-No65BGcc;YouTube is Changing: Article 13 Explained
MqWVh1PYGt4;What We Do Here
cro1sY1GT78;What's Wrong with Apple?
OXwKGWDvHfk;Day in the Life of Colin and Samir feat. Yes Theory
x6-nKRHXUS0;Not Your Average PewDiePie vs T-Series Video
Rk5OEuBQgOM;Dear Casey Neistat Wanabees
oSbFXT9Y-7g;The Effect of Moment Lenses
jx554F3BPKk;I Didn't Go to Film School
0T4KT_vHX3Q;New Yorker Tries LA's Best Pizza
XicLniORQgo;What Happens When you Turn 30
vSfIMsnINsg;Who is Cody Wanner?
K-hnbTqo6ko;Lil Miquela Robots are taking over Social Media
WoznWa7QTN4;How to Conquer Your Fears: A Skydiving Story
CBwQtl72k2A;Searching for a Great Documentary Story
sCWdaLe2qJU;Reacting to Instagram TV (IGTV)
pwkOf7A6hkw;A Week in the Life of Colin and Samir
_DRsu5Cv3O0;The Making of a Viral Book
mOX0WpHZL0A;Where We've Been
vqp-87KaqTA;How to Grow an Audience
e1rEmRRcOXA;Why Trick Shots STILL Break the Internet
SuclRePmrso;Why does every YouTuber have a podcast?
1D0wFMjVRQU;Colin and Samir's Filmmaking Everyday Carry
nL8375jedtI;Colin and Samir's 5 Rules of Filmmaking (on the internet)
71Dl3eKi78E;How a Blind YouTuber Makes Videos
rhx_VXSaSHQ;A little more about us
zEXlzhjLkgY;24 Hours in Utah
KNaqN8FfN3g;Answering Subscriber Questions on the Street
zGQYGXXOo1A;Life Through Our Lenses
mY-ocubOA4Q;Behind the Scenes with Mango Street
20SF0ypIWF0;Twitch vs YouTube ft. Sam Sheffer and Justin Odisho
acthJViewHY;A Crash Course in Twitch
N3fmmRmlEQs;They Invited Us to Dinner (YES THEORY)
o6IluoEuLdU;Putting yourself on camera (VLOG)
x5z6kZ8Ms3A;Your most IMPORTANT video
Fe4k7zYow_8;A Goal of Ours
rnd0dtbduZU;$16 Coffee: Is it Worth it???
x_XHWAQvV90;How to Get 50,000 Subscribers
HmSOib-jRHc;KICK DOWN THE DOOR
2wVfZXL7wWQ;How Collabs Happen: Mary Spender
uuqnJNQ_FlM;How Should YouTube Communicate?
oemgPLZKVFI;Jack Coyne's ONE tip for YouTubers...wait til the end
CTtZZgyikC8;Jack Coyne Is Trending
pckdId5VMUI;100,000 Subscribers in 3 DAYS
kIaMxe-Jdqk;What Happened to our Beme Show?
eGGWnRhJr-E;Why does Will Smith have a YouTube channel?
VCBngh5dOgI;24 Hours to Meet YES THEORY
Ua643jRnUqE;Censorship on YouTube: A Solution
vRE91dh0xXw;Rylo 360 Camera Unboxing and Test
qOmDq0nvmmk;4 Reasons YouTube will DOMINATE in 2018
x9I5lAit11k;Mic Comparison: Shure SM7B vs Rode NT1A
eK1RvkTz93g;Beme News: A Comprehensive Review
mB0qIXMJyIs;iPhone X vs  iPhone 8 Explained
w-2ZgVedG_0;Colin's 6000 mile surprise
li7uDQsi1OI;First Haircut in 4 Years
5clRjfNiHoA;Skateboarding in Death Valley | Now Boarding ep 3
wTKe3P1TzVY;World's Shortest Train Route
JORfxyg93uQ;How to be Productive
rZc4suHh21U;Is this too much?
d1Qh9-ok4UI;Our vlog camera
HH-5zS4E6ts;The Perfect Skateboard Box | NOW BOARDING ep 2
cL7YDBOZaPY;Starting a Cruiser Skateboard Company | NOW BOARDING ep 1
pE-FNprmPPM;Felix Gray Glasses Unboxing
D5PZn8YdKxM;Paul Rabil Bones Shirt Collab
38gzcYHoxqM;CLEANING UP OUR STUDIO
dsAT1NI0S0Q;LA FREEWAYS FROM ABOVE
50EvFY019JA;BEST VLOG CAMERA YOU CAN'T BUY
p_7_dtI0QKc;Branding a Building
JrXghzDFnD0;About Our Skateboards
A-x3ILbGo9w;Letter from Mumbai
Kkp0Fedru-w;Friends at the Studio
H_9cm7ELIM4;How I got my start in graphic design
ZHbCG26me6I;How to Start Filmmaking: An Exercise
5MnoAsJ1Idg;Should you go to film school?
KdzTs2w-p2A;Unboxing Our New Stickers
Wxnv13wGZAg;San Diego Travel Vlog Day 2
Y8v-jea5Gi0;Should we get this camera? Sony a5100
zPVZcvgB1P4;Helicopter Flight Over New York City
9tv5clYvqOk;A DAY IN THE LIFE OF COLIN
hpJ_umfsdpA;A DAY IN THE LIFE OF SAMIR
8nDV8snjSGY;Big in Japan
NI5oVNeA2cw;We Took Over Casey Neistat's Vlog
fkJk_g9wag0;Los Angeles Drone Flight
fqLVb0Gb9G4;Snapchat Spectacles Review
1VwwLH5FCKs;Spending A Year Homeless | Old Man SAXON
QW8CW6CXo54;How to Quit Your Job and Travel
F29rbezLL94;Send Us A Story
qt2xEQxcYsg;Home Away from Home
Up5aADUVagU;Home to India
xcaSBHB9dbE;November 8th, 2016
pLsQVs5l87Y;State of the Channel | November 3rd, 2016
YUx-PavD7EA;Our Favorite Place in Los Angeles
KRIpc_oN_zQ;A DAY IN THE LIFE OF COLIN AND SAMIR
34LNfDnaNDw;Portland Travel Guide
Igr_QCVGR-0;How to Launch a Startup
-HV9VRPIoag;This is Fairfax: Streetwear + Community
